,Reviews,Stars
0,walk halls hospital see empty tables full waiting rooms long lines pharmacy need appointment spend hours hold waiting speak someone line call number call screener talk may may get appointment rest assured days nurse calls tell much regret frustrating experience call back get specialist scheduled months get appointment may get canceled day prior call inform wait another days see doctor i've go va i've never seen specialist employee wreak one many smoke breaks medical professionalsdoctors supposed support baby men women born brunt war sure relationship portland va ohsu bring college students practice veteran ask actual doctor may know stab bursa sack remove wrong tooth block treating veterans disrespectful mean people take complaints unhelpful additionally seems heavy bias toward belief system that's irrelevant obviously important open public spacesbehind desks va employees va portland extensions seem full entitled government leeches dislike vet job perhaps i'm sure good people work i've met seem minority ,negative
1,many talented intelligent hard working people va probationary year employees can't fired shows great case disorganization slacking like big tanker run sloths things slow people put minimal effort times veterans even hard working employees frustrated va culture bad veterans deserve top care always get va va people go pasture va professional dreams go die ,negative
2,bad cannot give zero minus stars startled either incompetence lack caringempathyor met two medical professionals va seem heads straightthe others encountered make wonder marques de sade opened schools medicine uncaring people graduated nation called young men join draftedwe went ignored used one va facility fantastic place opinion becoming dangerous place ,negative
3,bedside manner number nurses employed va hospital less desirable establishment dad staying last days current room shares bathroom needed utilize facility order urinate walked nurse really irritated tone loudly enough elderlyhard hearing father clearly hear chastised policy regarding visitors using public restroomspatients rooms humiliated ashamed left tears aside constantly remind change bandages clothes etc horrible comes nursing care plain manners interacted disgusting expected much better administer care veterans families sad ,negative
4,er among worst ers ever experienced that's including ers rd world countries staff condescending everyone asks question think that's cover fact horribly incompetent either forgot oaths swore becoming healthcare professionals i've never met disgraces healthcare professionals anywhere life ,negative
5,i'd give minus could portland oregon va hospital worst nation min late appt cancel make wait germ pond well hours seen scheduled appt always take least hours get travel pay logistical staff members rudest group assholes i've ever encountered hospital every experience portland oregon va medical center new experience suck always get shitty treatment recommendation die streets find different hospital ailments ,negative
6,unfortunately nastiest hospital misfortune floors filty bathroom dirt slung walls may explain family member contracted mrsa facility took nine days start appropriate diet twice daily dressing changes wound done three times week lack good care part foot amputated whenever speak staff get deer headlight look nothing followed would much better dissolve va pay put patients public hospitals deserve better care even government think obvious treatment vets ,negative
7,terrible service waited hour busy emergency room pm saturday see single nurse doctor physicians assistant time saw somebody took vitals initially fever cough major signs covid would think would want see immediately go go regular hospital ,negative
8,another horrendous day va time pharmacy pickup window system needs change asap can't people shouting medications window representative highly private information confidentiality patients knowing illness yell thick plexiglass window pharmacy rep never seems know going ,negative
9,hospital hospital since got marine corps i've always taken care unfortunately one star front desk lady gave attitude tried check along two veterans tried get help understand clerks deal lot vets better ways treat people sick dog trying get assistance kept asking questions symptoms lying nasty attitude served country honorably way treat veterans every time walk hospital depressing see veterans abandoned waiting without nurse anyone sight check they're alright definitely need better vets depressing see guys treated giving everything country ,negative
10,god place simply awful wish treatment worst enemy really wish politations americans would care veterans disgusting bathrooms fecal matter toilet walls filthy absolute dump veterans admin cleans place ugghhh pray place gets full overhaul meantime guess i'm stuck going awful place ,negative
11,absolute worst hospital ever save time moneygo somewhere else dr's arrogant rude treat patients especially veterans helpful unless dying mentioned unfair unprofessional shameful deal sick individuals like especially ones serve country ,negative
12,going years service slow everyone rude matter hard try nice wait terrible even appointment make sure whole day free that's medical side trying learn claims anything dental eye glasses anything else would also recommend going different location uneducated field give help need act owe everything serve needs ,negative
13,doctors great much negative attitude civilian staff speak irritating asking simple questions anyone attends facility need start getting names head supervisors help fix issue bathrooms always foul odor well kept ,negative
14,currently admitted hospital due knee surgery place truly terrifies i'm talking little stuff bad food i'm talking docs call returning phone calls docs making wait six hours paid medication doctors insisting walk weight bearing walker day surgery docs knew pt guys see sunday cried hours pain last surgery remove cm tumor lodged think femur bone removed cadaver bone used replace steel plate screws added major knee surgery nearly four hours i've used va hospitals since 's inefficient believe trying harm truly believe miami va hospital rapid tizzy open beds would surprised policy killed patients veterans actually would surprised bright side fisher house godsend seen personally dormant dad allowed stay since admitted honestly loves receiving wonderful care ,negative
15,extremely rude disrespectful receptionists clearly uneducated give damn rest veterans matter always miscommunication issues calling general information setting appointments doctors nurses etc great issues thus far everyone else watch needs much improvement overall ,negative
16,go hospital type service shame veterans type medical treatment receive place idea medical treatment lack total compassion patient treat guinea pig blame patient something goes wrong doctors residents interns pass buck treatment spend majority time explaining downs rest time trying figure inform term left hand know right hand disgusting best ,negative
17,used go hospital much hassle wait times crazy hospital zoo always busy staff acts like folks dmv care never go back i'm done ,negative
18,visit certain doctor opening conversation condescending name name refer sarge old man damn name luckily medicine day ,negative
19,clinics good others worst specially urinary renal clinics resident doctors treat like crap make lies try force procedures practice dont need workers even tell read medical reports surely mess er room good caring department entire medical center always found wrong hours go clinics expect almost die treat youi admitted times never change sheets blankets even offer care dont clothing almost naked provide hardly anything cover good never come around bring water time meds see nurse nurses cannot think get permission anything sure sorry never bought medicare could dead duck thanks va ,negative
20,great first impression maybe mom joined however years later need update review impossible get appointment take months finally get wait forever finally seen nurse practitioner medschool student actual doctors i've never able actually sit discuss injury orthopedic surgeon insane especially considering traumatic injuries years ago everytime go va take labs results waiting labs area creepy oh waiting asked money alot panhandling huge problem va i've grab security guard feel safe va advice take vacation day hours one star complementary valet parking veterans valet crew always nice address mam well mannered however asked parking validation told validated vets young looking female vet years news flash educate staff female future veteran like real demand quality care extremely embarrassing staff demanded prof veteran status come better writing state senator next trust believe ,negative
21,hospital downright dangerous communication within hospital patients staff huge area opportunity surgery infection hand upon releasing hospital told someone would contact many days later one contacted called clinic explained story maybe dozen people large open wound enough supplies continue dressing wound told see primary care doctor weeks turns dozens phone calls flagging borrowed surgeon northwestern medical center improvised appointment told mrsa contagious dangerous infection hospital plans telling dangerous infection surgeon appalled one followed would schedule appointment weeks citing clinic closed nearly half month veterans unfortunately must careful lifehealth jesse brown va medical center ,negative
22,directed er staff nurses triage entire hospital true heroes put opinion actual patients fake patients fluids smells etc importantly roll punches even come across belligerent patient like yes severe pain tried best keep calm dryheaving blood spitting doubled pain arse hurt lot nurses calming attending angry repeat different people hurts i've get like i'm transferred er bed waiting see one doctors station walks shoulderlength george clooney circa st elsewhere hair aire mr cock walk snapped asked wrong told fucking pain still seemed like one gave shit response classic ahole examine curse cursing general mind cursing looked shook head proceeded get dressed dickhead i'm physical pain writhing bed moaning close hours examine said bad word colourfull verbiage assault delicate ears constitution weeeeelllllllll f ears constitution work er particular va hospital please search doctor ask read can't miss dickish also watch last week tonight wjohn oliver episode gender race disparities medicine struck one doctors really believes outrageous misconceptions discussed worry though filing complaint might suggest different line work crash test dummy fuckface ,negative
23,bathrooms jessie brown disgusting tell floors sticking shoes half time paper looking three hours days get blood drawn seven weeks get eye glasses must go va lab get glasses america's best week mostly less place needs better attention paid cleaning janitors take far many breaks security allows anyone come check id's building would apply pension must secure anywhere actual medical facility many residents enough attendings tell resident want attending bad attitude ,negative
24,va hospital loud chaotic disheveled that's staff smells seems people hospital actual patients rest malingerers administratively joke however get past finally get see doctor tech social worker chance get good service ,negative
25,one disgusting medical centers seen veteran citizen disgraceful manner institution kept examining rooms dirty one see dirt splashes blood walls lower walls open pipes ladies lounge broken walls open pipes poorly kept commodes floors needing repair slum landlord cafeteria full unhealthy food lacks proper cleaning part problem veterans need lessons hygiene thus part cleaning hires people type training vetting done ceo staff lazy care veterans socalled caring social services joke care nothing problems veterans busy caring positions people always attending meetings see obvious changes see people positions entitled job waiting clock strikes go home horrific attitudes terrible manners lack good communication skills presence useless ineffective services veterans desperately need getting staff avoids telling available doctors nurses truly dedicated committed giving good medical care need admitted hospital suggestion look another location dirty one easily come infection must admitted check hospital ward staff insult treat veterans manner people died injured freedoms hospital staff charged neglect health department cdc evaluate ,negative
26,worst hospital ever aside nursing staff awesome husband icu doctors surgeons dint seem communicate got different stories different surgeons husband went anoutpatient procedure wound icu intubated sedated four days argued doctors every day remove tube finally swearing yelling brought team take neurologist student come husband given morphine finally got rest respond demands wkimg proceeded pinch arm pick line going heart told leave treat veterans physical therapy icu delirium pneumonia strep infection limited use right arm pain body medication irregular heartbeat gave wouldnt recommend hospital anyone ,negative
27,waited hours seen told doctor lot pain said veteran place terrible i'd rather buy insurance deal ,negative
28,horrible called different times make initial appointment time hung eventually came emergency room far i've waiting hrs getting labs xrays done hour ago asked much longer told next patient waiting bed since patients called i'm still waiting ,negative
29,requested different dr mine rude care least say told would assigned different dr never separate trip waited hours er hardly anyone experience place care vets quit going completely bad ,negative
30,hadand still havea painful shoulder went orthpaedic clinic evaluation wanted schedule shoulder replacement researched internet found one physicians veterans hospital specialized shoulder replacements asked going surgery said yes reply scheduled date set went surgery woke middle room tattered curtains separating patients one refusing eat food va aide want take bathroom that's situation surgery pain shoulder went back doctor said normal continued pain went physical therapy pain persisted finally annual visit primary care doctor see specialist said surgery failed wanted another reverse shoulder surgery refused since ether chance failed take another chance researching medal notes admissions etc found specialist said would surgery attendingnot actual surgeon disappointed suffering painful shoulder i'll go va hospital medication surgery chance far ai'm concerned surgery dismal failure ,negative
31,terrible service seem busy waited hour appointment two people walked office one went told waiting room what's point making appointment going respected ,negative
32,would give zero stars could watched woman beg help tears male staff member male vet clearly distress need assistance terrifying experience children made entire room tense edge one point man agitated responding people around began pushing woman absolutely nothing make situation better fact even look fazed incident apparently nurses back found suicidal vet hilarious making fun man woman front husband also spent time shit talking heroinaddicted vet instead making sure people receiving treatment done front veterans waiting care hours husband finally got xray come find xray tech waiting quite time left without treatment upset behavior staff refuses seek treatment facility another vet completely ignored asked question staff stared computer bother look left without getting answers seriously one disturbing apathetic group professionals ive ever witnessed fired zero concern veterans care ,negative
33,moved seattle transition terrible called appointment one answers phone first time return call one three days tried make appointment neurology given appointment months broken system denver ,negative
34,probably th va healthcare center i've frequented i've dozen across country far worst unfortunate veterans healthcare problems ignored one record filled fabrications things state providers outrageously rude can't keep good staff system broken frustrating outdated know use mumps computer system predates msdos dismal prez trump help ps waiting emergency department older veteran came heart attack wait turn waiting room good minutes received attention unacceptable ,negative
35,first time dealing definitely living reputation made appointment lab work receptionist attitude said made i'm leaving quietly ,negative
36,returned boy blood boiling know aside treated like cattle every person place besides primary care doctor swear people age discriminate hate go place takes less hours time that's good day today pleasure parking space waited minutes garage stolen old couple completely ignored long holding parking garage traffic waiting spot confronted ignored fact anything unsavory deal old man waggling finger piping top went cashier find owed money pharmacy literally completely ignored minutes stood window without much 'hello' head nod person box nearly every person ever deal place seems highly incompetent save doctor staff firm also went records release today sat minutes waiting two people come seen administrator finally finished last person front came walked right without even acknowledging presence helped woman came minutes finally got taken helped guy helping got left slapping form desk fill next thing know helped another woman came indication 'improved' healthcare system obama's administration forced country rude awakening unless i'm visiting er must make appointment primary doctor month wait seen ridiculous good thing ailments life threatening anything ,negative
37,first apt today showed apt waited hour went desk ask hold front desk person going another mins asked answer doctors meeting would schedule know dr meeting waited another mins finally came grabbed med refill first apt another months va's horrible customer service ,negative
38,horrible poor boyfriend hour severe pain kidney stone pass pain relief still waiting seen doctor hardly anyone nurses sitting around eating candy even check poorest excuse hospital ever known would paid real er whole point coming get immediate pain relief disappointing guess government pays sad apparently twelve beds two doctors go ask nurses least try got nothing sarcasm ,negative
39,long waits horrible communication staff veterans understaffed lack care ,negative
40,sister brought dad morning eye surgery unbelievable unprofessional rude hospital staff say one nurse tended nice professional respectful person came wheel dad away walked waiting say i'm take anything along lines stood front said excuse kind looked around know going blocking door anything thing wall says excuse asked trying go still never said word pointed dads direction got began roll dad away still saying absolutely nothing never told go wait one asked either numbers notified complications comes surgery left got bite eat called check returned asked found waiting room asked someone would please let us know comes doctors find us told us surgery went nice time leave requested wheelchair lady came wheel took left walk cane fast went elevator familiar time made corner inside elevator doors closing like never saw know sister gone pharmacy pick mess that's going meet never know going dad told wait put arm doors stop closing able go rude take leave ,negative
41,miles away denver va still wait four months doctors appointment minute procedure costing fortune loss work called times talk someone month one bothered even call back nothing changed poor service veteran needs medical attention can't afford go regular doctor would cost pocket injections ,negative
42,staff unbelievably rude especially social workerswhen answer phones hardly ever ,negative
43,place say army tore floor trust place could rant suffice say place incompetent i've experienced veterans seriously take dog treatment sure recommend empathy human kindness ,negative
44,horrible anyone looking medical attention quality service better looking elsewhere please come help promise taken care somewhere else worth people waitin lobby still wait hours ,negative
45,customer service horrible time call main number cordial want work attitude let finish talking transfer call times wrong dept i've hold past mins numerous times oh get recording leave phone number someone call back guess get call back operators receptionists whatever title need replaced recently moved told place horrible i'm beginning believe i'm use overall excellent service east coast i've got scheduled appointments couple months pray drs pleasant professional let know ,negative
46,decatur ashamed place awful unorganized empathy rude unapologetic disrespectful employeesstaff today march th husband marine veteran told appointment covid vaccine two days prior received notification appointment changed upon arrival approximately people line staff present one setting shots social distancing directional signsjust awful advised via cell included st nd vaccines standing line hours husband finally vaccinated moving georgia recently hearing horror stories facility along previous experiences husband hear see location ranked last country va better veteransyou better people ,negative
47,crap straight garbage see ranked last nation matter wrong including gut shot gauge shotgun doctors tell nothing wrong discharge worst hospital whole united states america ,negative
48,horrible patronized issues speaking doctor absolutely zero patient confidentiality er workers slowly drag feet atmosphere full want coming staff know sense sort toxic environment served years left without treated place made symptoms multiple sought care elsewhere ,negative
49,place failed dad cost life terrible loss family could avoided concerns looked appointments constantly delayed many staff members spoke life meaningless yet put life line fought country needed help complained specific problems never checked things went worse dad debate weather he'd ever served country really impressed documents able keep safe place included pictures day funeral glasses he'd waiting nearly months arrived house via fedex want great care loved one take strong advice look elsewhere served country subjected neglect one endure thing guaranteed proper burial ,negative
50,go location understand still open i've hours far lab work still time wait stuff done inconsiderate sit around chat instead job receptionist break hours they've even changed shifts advise go somewhere else ,negative
51,horrible er visit waited hours seen pretty ridiculous get lab work done still needed get ct scan initially called triage nurse insisted go immediately abdominal severe pain would rather go hospital let die clearly care compassionate unprofessional throw away whole va ,negative
52,fiancé er hours still seen doctor ridiculous ,negative
53,can't even begin express pathetic system government place location men women put lives danger line us freedom husband recently surgery i've nurse years years healthcare never seen disorganized cluster mickey mouse run facility life change surgeons last minute unsanitary conditions lack explanation understanding surgery inattentiveness dressing surgical incision told let caregiver provide care speechless pissed loved one treated like statistic human much less patient written va administration doubt receive acknowledgement felt others aware ,negative
54,worst customer service appt would expect seen pm check back waiting hours expect treated horrible attitude truly feel sorry anyone deal establishment really deserves zero star ,negative
55,emergency room department sucks people rude slowprepare stuck sitting hrs ,negative
56,regular service use va dental care impressed hard get appointment treatment assigned local dentists ,negative
57,used va medical centers found atlanta va worst find country could care less taking care patints need something constant fight get services done emergency room total joke could die seems veterans told new director medial center would make better changes reality changes worse fact gotten super bad one cares need ask going want care veterans serving run can't insurance another hospital take stuck piss poor service give us ,negative
58,could rate medical doctors er importantly vets work would give stars outside screwed everything else va sucks lucky enough make see doctor think pleased care course trying get doctor challenge nothing praises va emory doctors vets work nothing short helpful empathetic towards challenges va luckily they've best training allows excel skillfully manage survive daytoday chaos broken dysfunctional system smile maintaining professionalism think one main problems va employ way many civilians who've inferior training equipped deal challenges us served appears civilians vested jobs barely half ass job order receive good paycheck say based poor attitudes poor customer service i've received parking situation joke expectation va patients take shuttle hospital va employees park campus total bs employees except doctors take shuttle leave parking lots campus us vets va suppose vets appears civilians work vets keep employed total travesty ok veterans choice absolute joke talk waiting receive care va hospital try waiting long longer vc like options terms care seems good far think solves va's problems terms patients waiting care seems put place pacifier help rid negative media coverage received people dying excessive waiting appointments good job providing excellent alternative clinics va like pt ot endoscopy audiology etc like lot permanently outsourced services mind can't say anything good mental health clinicians va clinicians good properly trained deal issues experienced vets actually think active duty mental health clinicians probably best resource providing mental health services veterans ,negative
59,place ridiculous many issues hospital stay surgery doctors great found staff incompetent boyfriend entered system months ago told within week would receive letter telling first appointment would four months laterwe still heard anything call hold minutes get transferred somewhere else hold minutes issue still resolved terrible way treat us willing put lives line protect country ,negative
60,atlanta medical va extremely incompetent lacks compassion disabled vets going facility degrading hope next company work better medical insurance plan deal poorly run facility ,negative
61,could give va stars would believe propaganda read improving care vets atl va atlanta va medical center worst run least compassionate group people ever dealt life answer phones voice mails always full get someone phone answers blame system send back phone system lost yet wasted nearly hours lunch breaks last weeks trying resolve appointment conflicts prescription issues one person willing help resolve issue even called director leslie wiggins ext told speak even one lady hang said called back heard several office workers making fun complaint joke disgusting treat vets ,negative
62,initially went get wife seen severe depression military veterans suicide depression major issue military community get inside mental health clinic two staff members gossiping recent suicide happened within system first suicide private matter discussing inside mental health clinic freely appalling disgusted lack sensitivity matter finally gossip queens done given paperwork fill completing paperwork sent wild goose chase track social worker help us staff mental health clinic gave us zero direction could careless first time hospital first directed us set elevators told us go th floor mind certain elevators hospital take th floor know spent mins wandering halls search social worker suppose meet finally find way back mental health clinic appeared annoyed came back asking assistance th floor time sent staff member go us find social worker finally get th floor staff member wandering hall looking guys office idea even working day finally meet wife given refills medicine given kind assistance told doctor call set appointment four days ago spent hours va time spent wandering halls looking social worker guy waiting complete waste time care wellbeing literally treated like statistic bother go hospital sure give plenty time parking absolute joke ,negative
63,emergency room department far worse i've ever seen connected va medical center intake staff extremely rude nonchalant brush quickly without answering questions concerns matter time day come prepared hrs ridiculous something needs change time use shift change excuse job va construction changes need staff change people actually care providing good patient care well difficult hard ,negative
64,deserve star hospital close doors ashamed treat veterans served country th floor believe west nurses aides incompetent unemployment line arrogance attitudes unacceptable told comfortable father ever admitted hospital hoping never allow admitted trust appreciate attitudes towards patients trust care father week nightmare well entire duration stay aide gave father difficult time yelled requesting pair socks audacity especially given fact taken wellover hour rang assistance could die waiting someone answer ring assistance unacceptable lowlife steals father's phone charger bad enough person father room covid poor excuse hospital put father risk put family members add insult injury complained nurse's station person father's room coughing wearing mask felt father could risk fell deaf ears walk nurses station chitchatting acknowledging get annoyed express ignore put heads i'm explaining person constantly coughing needs addressed one darn thing days later test person find covid went patient relations handed form told filling form would probably waste time believe can't working hospital can't believe could get worse father's room disgusting filthy made several complaints blood floor father's room person covid bathroom filthy garbage left floor many times numerous complaints started clean consistently complain numerous times done also unacceptable heart goes veterans admitted hospital noticed many visitors one speak gives aides nurses freewill mistreat neglect patients person father shared room hand tied therefore could eat would think staff would top knew feed untie hands meals given nooooo hours later nurse would comes ask eat poor veteran would state suppose eat hands tied shameful disgusting hospital staff eat enjoy meal breaks let patient go unfed remain appalled disgusted angry although asked nursing supervisor name aide yelled father well nurses staff evening never gave names guess names withheld lucky certainly would endured wrath fury administrator mia run hospital shameful despicable report whomever listen done loved one's hospital please forefront care choose putting loved one risk would stay clear awful place first horrendous experience father second get third chance help ,negative
65,would never recommend hospital completely unsanitary multiple infections following surgery hospital bed moved following surgery clearly still feces another patient another patients blood floor surgical procedure body location changed day surgery simply train radiologist residence staff kind gyn never follows sinful occassions unclean conditions put detrimental situation ,negative
66,customer service personnel extremely rude transfer calls wrong department handle phone calls unprofessional impatient frustrating ,negative
67,every time schedule appointment phone availability month ridiculous sick needed see doctor immune system would already fought virusbacteria would er would gotten even sicker horrible every time schedule gyn appt doctor strolls late like walk appointment like day wait scheduled appointment early things ,negative
68,terrible problems veterans today everyone nurses doctors patronize pass buck much disgraceful service nations heroes ,negative
69,normally would leave review like bash establishment shit gone way far please explain fuck came emergency room pm there's patient sight got checked taking back ask reason coming got put bed hour half later comes doctor like really serious right almost two hours later internal bleeding better yet shit needed immediate attention could fucking died never emergency room think would get fast treatment place worst rather go regular doc pay co payment come back ,negative
70,last june appt see urologist brooklyn va second opinion arrived told med tech second opinion kidney stones quickly told va offer second opinions point left never saw doctor however months later received bill dollars copay outraged would va bill absolutely nothing went admin office complain anything answers type treatment veterans disgraceful shameful also discovered billing medical insurances including copay every time appointment feel borders criminal enterprise ought investigated inspector general put complaint we'll see entertain give followup matter near future ,negative
71,admitted hospital mental health care serous leg injury left leg stay medical floor leg started swelling bad pain becoming unbearable normal pain med relieving pain doctors refused anything relieve pain happened doctors instead puppets corporate office fucked goverment ,negative
72,months mh appt transfer another va poor customer service respond writing calls assistance worst va country zero star rating back poor performance still open ,negative
73,sence new direrctor came board place gone bad worst went release records new hrs half hr lunch seeing works walk around getting coffee wish could kind freedom working ever time go va worker line car work ,negative
74,worst care anywhere spine surgery surgeon great room constantly degrees nurses showed schedule pain meds least two hours late never changed bed linens help getting bed food service put could reach left trapped chair hrs would answer call button called hospital cell asked operator help called nurse finally showed services horrible ,negative
75,i'd recommend hospital one absolutely rude staff phone still get helppathetic ridiculous never call back say going toand first time issue happened hospital birds ,negative
76,rude staff especially pulmonary department need specialty care prepared wait call lucky enough receive call expect kind customer service people work facility care patients let alone veterans i'm disappointed care receive establishment currently november first available appointment could give breathing march last checked breathing pretty important worst medical facility north carolina ,negative
77,prepared wait months appointment wait long time show appointment make sure va id card else nazi parking garage exit demand pay even obvious blood drawn ,negative
78,miss diagnosed twice never made follow appointments said would time gone almost blinded even telling allergic penicillin prescribed penicillin based antibiotic eye drops literally every single time call appointment line every singe time minimum wait minutes minimum rude staff waited hours lobby breaking asking seen discover never printed charts sent paperwork back doctor parking horrible tiny cramped feels unclean prescription window biggest joke say go wait name appear screen yeah can't see screen alternative brought ,negative
79,absolutely terrible va hospital please anyone impotant lreading review remove current management chain command replace oif oef female veteran served years military va hospital absolute worst transferred washington dc va ahosputal went women's clinic cannot get simple referral mental health quality patient care sub standard change management patient care absolutely necessary i've waiting since since may mental health referral can't get right june i'm still dealing ridiculous beuracracy pleasetake necessary action fix horrific system durham va ,negative
80,moved arizona north carolina month ago since incompetent people enrollment eligibility able give appointment primary care doctor get transferred around put hold disconnected never called back know cant get appointment orginizatiion disgraceful disgrace people served country ,negative
81,durham va medical hospital worst especially er department need one doctor damn slow pissed right fucking star's ,negative
82,worst va clinic since becoming disabled veteran years ago rude staff usually greets desk alone makes hate going plus sent outside source bill put credit preapproval buy first house va loan bad want live wilmington va clinic ,negative
83,absolutely horrible going year yet already communication problems led missing weeks medication need try call phone rings rings someone called verify dosage already done extremely rude i've gone two weeks without meds dizzy can't hardly stand hopefully trump take care mess clinic going ,negative
84,say probably worst medical care ever received purple heart vet oif sad kind care vets receive nurse never even came ask name never assessed waited almost hours three people ed come assess wtf va come people paid well yet treat vets like shit impressed ,negative
85,scheduled surgery could find parking space seems less spots plus patients valet parking usually quick fix get around parking problem particular morning valet closed great i'm late surgery showed hour early i'm getting agitated angry i've put situation use facility choice asked later use overflow parking across river parking across river never heard guard parking lot never told us ten twenty passes made full lot signs saw maybe see signs anger cancelled surgery i'm looking better treatment options ,negative
86,i'm veteran almost every experience i've hospital subpar ,negative
87,whole va system joke there's one provider actually tried help providers pull got way get referrals outside va know rights keep mind va keep inside va ,negative
88,stand going baltimore va incompetent lazy stupid employees people jobs entire hospital needs reorganization go healthcare go perry point va although greatest comes close level ineptness baltimore va stay away baltimore va ,negative
89,completely va dealing providers listen concerns hang blurt health information hallways keep waiting hours get medicine speak disrespectfully veterans care hear complaints treated please visit va unpleasant experiences facility wonder providers given honor work finest soldiers sailors marines airmen coastguardsmen definitely speak patient advocate department break can't even go get treatment need even later every time go people rude hell impressed ,negative
90,registration horrible ignored minutes fiance extreme breathing problems ask assistance acknowledged sad treat sick people especially veterans like ,negative
91,sitting waiting hrs husband seen gum infection many waiting roomjust wrong denver va within hour shame maryland get shit together ,negative
92,va terrible location one many care veterans treated tried reach nurse schedule surgery took weeks finally get surgery scheduled would call leave secure message get call back days later time spoke tracie citron neurology department different lie unable contact timely manner called patient advocate bare minimum much help contacted directors office left messages someone call back wanted give director feedback employee job timely manner wanted convey director problems veterans might face went schedule surgery given contact info one person one person contact schedule surgery would call secure message receive call back days later time bet veterans facing issue back director tried contact times via voicemails return calls called back th time spoke young lady took info promised someone would call back well week later one called back called today th attempt spoke rude man told follow proper channels speak director explained man contact patient advocate nothing changed that's wanted speak director apparently interested hearing veterans treated filling va inspector general complaint type treatment goes va's promise mission statement intend treat veterans want employees jobs get response negative reviews yelp care veterans ,negative
93,spent hours waiting appointment doctor never showed dermatology appointment made months ago finally left explanation idiot president trump put freeze va hiring enough doctors maybe tell ahead time going blow ,negative
94,cons totally unprofessional nurses dad felt like th circle hell stay hospital loudly gossip right outside rooms hallway every single nurse came basically told us unnecessaryirrelevant information treated like child desperately need training professional patient interactioncommunication misdiagnosed pretty much kicked curb enough said ,negative
95,never review hospitals there's probably point hell i've sitting hours came father fell needed seen sitting overconditioned room three hours seen doctor one person ahead us veterans deserve better care man ahead us sitting hours agreed went kaiser places would've seen already suggest options go spend whole day room hoping see doctor ,negative
96,absolute worst healthcare facility i've doctor seeing ignored diagnosis well shouted lab results rest staff hippa psych unit's front desk staff openly complained see patients deem important waiting lobby psychiatry emergency walk took hours staff pushed newer walk patients front several times patients pushed front within one visit staff highly unprofessional ,negative
97,wow awful place see doctor asking questions typing answers can't see face blocked two computer screens asks slow can't type fast shows concern actually never makes eye eye contact constantly berating antiquated va system felt like number nothing asks want really doctor thought supposed tell serve treated sad way saying thank thanks obama care can't afford anything else screw saying 'thank service' sick hearing keep promise kept promise country served ,negative
98,wish could give negative stars place trash know va places sucks ass one especially sucks ass we've fucking hours we've gotten fucking gown waiting damn doctor come cant someone act like fucking professional swear employees act like something better help patients many veterans commit suicide day numbers could probably go fucking va employees actually something pick asses swear god veteran came suicidal thoughts left waiting room hours someone saw people risked fucking lives country least could get damn decent care fuck place ,negative
99,parking horrible horrible renovations started worse real assistance anyone helping load unload give direction offer wheel chair anything would make easier get help sick injured person waiting room disorganized joke reason give one star waiting room fairly clean triage staff dismissive i'm sure slammed question concerning long wait wait time measured hours father hours get room er doctor still seen time nurses staff back loud complaining workwho wants hear sick injured still waiting writing reviewa change administration done nothingthe veterans administration needs better ,negative
100,covid concerns kept va hospital year vabtakes care hearing hearing loss many times visited hearing clinic however past year hearing loss worsening set appointment seen maralee omg spent great deal time tweaking tuning checking rechecking hearing aids net result huge increase hear speech interpret good serves hearing clinic knowledge professional understanding merit highlighting star review thank maralee ,positive
101,soon heard veterans eligible get covid vaccine called minute opened schedule fiancé even th caller line went pretty quick person answered call friendly patient scheduled second appointment well thank ,positive
102,proud veteran happy that's there's good support benefits system place past current veterans need help might need help future lines short staff friendly helpful lots parking great access transportation plethora information clean inviting facilities great place connect veterans share information veterans benefits negative phone service work building thsts there's wifi truly great facility ,positive
103,normally seen atlanta va seattle work needed refills medications little mix needed go get meds everyone contact pleasant helpful ,positive
104,one impressed overall care provided combat veteran multiple medical problems treated respect kindness care timely fashion yes admit staff members bad day try remember patients bad days focusing anger staff patients need show respect care givers work hard us veterans way newupdated facility lots parking tons volunteers answer questions help find need extremely friendly access records request see lab xray results request appointments order rx refills contact pmd using va internet never waited long appointment pmd speciality clinic seems want see want see ,positive
105,best service could wished crawled er morning extreme stomach pain found needed appendix organized friendly i'm already home feel great i'm va often never issue love care get ,positive
106,inpatient used outpatient seattle va hospital services general overall great experiences settings female vet leary primarily male dominated enviromments however feel puget sound va gone beyond ensure safe dignified environment refreshing especially inpatient setting enjoy military comraderie without lot negative aspects treatment nonmajority gender thank seattle va heads va systems ,positive
107,lovelove va also lovelove friendly helpful courteous staff throughout hospital especially primary care clinic course pain clinic thank continuing support wonderful care ,positive
108,spent time three local hospitals last years visit days would vote va hospital best extremely friendly everything great jobs hospital also teaching hospital university washington get added help teaching doctors students complaint extended stay would food good others also use place regular checkups eye examinations hearing aids hearing checks along prosthetic's monitoring many many visits place everyone greets helps shows concern make experience pleasant possible emergency room treatment professional also friendly professional ,positive
109,received numerous treatments great sometimes patient's attitude influence providers provide great care cheers ,positive
110,i'm viet nam veteran danang dmz unlike health pretty good since wife conventional health insurance decades years ago read va hospitals tank gave seattle va hospital thought talked veteranfriend severe hearing loss however told heading direction driving wife nuts said check va hearing aids worked wonderfully process wife scheduled exam urologist due urinary problems although urologist already long story short va urologist quickly figured wrong scheduled surgery went surgery partial prostatectomy small army awaited surgery room ready impressive came recovered couple weeks better shape years ago mention one thing people work seattle va i've talked want want help veterans five stars ,positive
111,st visit seattle va va impressed everyone came contact admin staff doctors nurses physical therapist courtesy received beyond highly recommend va vet needs help update rd visit know va's i'm tell va gets bad rap everyone doctors nurses staff kind courteous timely equal best hospitals i've seattle sure va's drop ball personal responsibility take control ones health noticed third visit advocates help patients process th visit disappointment new parking garage great ,positive
112,good bad good far weighs bad dads disabled vietnam vet tours heat war marines hospital pretty run staff great know many complain let's real everyone knows va provides free medical course going get experience would get swedish private dr acceptable luck pay insurance like us allows go want bogged perhaps va start charging like everyone else reasonable monthly premiums co pays deductibles use money hire fix ,positive
113,great place receive healthcare veteran built modern looking parking lot multi story looks beautiful many health care providers willing help veteran capacity ,positive
114,va seattle medical center mt vernon va clinic best va health care system parking securityadministrationnurses drs efficient honestpatient family centered care scheduling drs takes weeks family can't wait go back va puget sound health care system asap thanks va puget sound health care system especially dr rogenburger staffs mt vernon va clinic denver vamc parking night mare administrative staffs efficient lack accountability scheduling rescheduling drs absents scheduling drs takes months know excellent va pshs found bad denver vamc ,positive
115,two decades va saved different times heart attack diabetes retinal detachedalong things tmi say every contact star including service coffee bar inside main entrance today hope top person provides image gets read volunteers help yes bless thank always love ,positive
116,seven months ago total knee surgery first experience va inquiring service expect mention cost went ahead procedure exceptions long wait times pharmacy must say total experience excellant doctor's university washington think nurses well quaility service everything one might expect civilan facilitiy treated respect given around clock attention staying hospital stayed days rehab also great experience given good instruction even given additional week choice rehab experience change view va fellow veterans lot vet's bad shape mentally phyically witness treated dignity respect ,positive
117,going va seattle since late 's respect doctors nurses worked taken care treated utmost care every time years surgeries legs plus legs knees replaced removal one kidney due cancer going recently total left shoulder reconstruction can't say enough care doctors nurses time yes long lines several departments yes due volume handle long waits surgery preformed done right follow care excellent one actually looked volume pharmacy handle notice waits nearly long use there's lot us military guys need care seattle va improving daily eyes keep ,positive
118,thank taken good care last years staff emergency room visits eye care team miles prosthetics endocrinologist great one dr scalapino rheumatology veterans portland area thankful good care winning formula va partnering ohsu relocating atlanta decatur va similar system partnered infamous emery university thank wife ,positive
119,visited portland va medical center father law dozens times volunteer visit veterans hospitalized members organization called military order cootie chartered veterans foreign wars staff especially nurses amazing today took get first two covid vaccinations everything well organized safe efficient everyone kind professional outstanding job front line workers saving countless lives grateful ,positive
120,got free pair stylish wired framed glassesi seen originally river city eye near live milwaukiea four star private practice business take eye exam glucoma test went v optometrist prescription get fitted good pair stylish light frames chose lined progressive lensesonly criticism took two months phone va admissions finally glasses delivered always enjoy getting treated respect caregivers hospital skittish building since covid epidemici wait go thru hoops future though results worth ,positive
121,kind loving respectful care every time take year old dad va impressed high caliber care receives unfailingly health screening door doctors nurses attendants patient professional first rate care ,positive
122,returned er portland slow treated well got everything done needed done va medical hospital finance staff well portland va medical center thank ,positive
123,portland va medical center audiology department provides outstanding care audiologists caring attentive great helping problems service connected hearing loss ,positive
124,hands nicest va hospital i've ever get via car bus best part take sky tram ohsu health center ohsu connected va center cost one way going well worth breath taking views day medical personnel running around assisting veterans get prescriptions needs checked hours bingo night veterans service quick people super friendly ,positive
125,va ohsu saved life ohsu radiation tandem portland va chemo xweek hydration overall ent care every single one people met time doctors nurses technicians clerical workers even wheelchair pushers treated care courtesy consideration kindness competence i'm cancerfree they're working hard keep way statistics every measuring system show va best healthcare system country every time meet doctor nurse always ask like working va answers far really every single one identical say love nobody gets cost specialist referral never builtin conflict ordering something put money pocket goal patient care everything else comes distant second complaints va come rightwing enemies want starve kill get hands big budget private profit delays va unfilled unfunded job slots wonder may wait see doctor wish would convert vaforall care like uk's national health service get rid horrorclown henchpeople next november hope fully fund staff ,positive
126,thank portland va kindness quick service wish va facilities like ones oregon ,positive
127,va health care system since hundreds times including emergencyall say saved life twice always treated respectthere system place responsible plan aheadvietnam combat vet ,positive
128,wow could getting operation better place incredible job top surgeon fellow checked us taken care given kind courteousthoughtful attention lovely sense humor lighten lovely facility can't imagine pleasant experience go medical treatment also treated friend's prostate cancer way great ever since surgery treatments go va hospital yo bad self ,positive
129,wonderful array services flagship facility offers veterans top tier medical services many associated uofu yoga cooking classes credit union medical center cares borne battle compassion efficiency reports long wait times apply slc facility buildings shiny new staff services first class course government lots red tape lots assistance available asking patient education recreational options abound proud vets well taken care never forget ,positive
130,great hospital state art technology amputee program outstanding surgery area great wonderful surgeons ,positive
131,audiology department provide great service hearing loss caused vietnam ,positive
132,i've always fast courteous service doctors technicians nurses top giving services need can't imagine health care provider giving better service ,positive
133,father life threatening surgery done also surgeries due complications surgeons doctors nurse practitioners nurses everyone came contact sicu absolutley amazing firmly believe father would today ,positive
134,guys took care father ill respectful everything cannot thank enough efforts compassion ,positive
135,can't say enough great place veterans number va health care facilities one far best ,positive
136,i've member va area three years hospital professional even though staffed operating effectively global pandemic heart orthopedic hearing shot back early 's point blank back blank entered upper back stationed germany departments great recently received first vaccine shot long wait line military style patience staff plenty kept order complainers thumbs clean facility volunteers always helpful cafeteria clean chow hit miss depending week safe parking lot easy parking clean inside va keep good work always say thank great day veterans ,positive
137,several tests done va southern nevada healthcare system north hospital could treated better i'd like show appreciation nursing assistant michelle preop rochelle preop maxine preop professionalism friendliness going well beyond would considered normal care also want say thanks lab xray much appreciated care professionalism things definitely improved va system obviously apparent also nd covid shots recently even extremely long lines reasonable time continuously thanked service part team inoculations thanks snva healthcare system may hear often much appreciated ,positive
138,spent hours trying set covid testing appointment town every time filled forms end form would state full find another location complete joke times testing appointment cvs show appointments lady screams cant test time make another appointment vegas covid testing completely dysfunctional drove va hospital er received test results within hour thank va outstanding service us veterans ,positive
139,visited many va medical facilities far one nicest facilities ever scene terribly busy like va medical centers big well staffed see lines hanging doors frustrated vets seemed like everyone serviced timely matter either one two things reason place packed know since far away strip enough vets area ,positive
140,sure yelp deleted last star vietnam veterans review said review mine since dad person getting help let clarify please yes dad see's doctors went appointments met doctors nurses make dad's appointments bring personally met w foot ankle doctor audiologist urologist primary care physician cardiologist feel review matter count daughter's perspective doctors helpful professional family receptionist spoken phone also iowa like think criticism va's impressed veterans families need know exceptional facility feel safe hands easy accessibility parking freeway everyone helpful veteran doctors nurses billion facility beautiful w pictures vietnam veterans medals memorabilia wonderful tributes hard work service country overall va multiple time wonderful deserve stars especially family member concerns worries loved one going cared ,positive
141,friendly staffnever knew much fun va hospital went pick friend day surgerythe nurse friendly cool outgoing personalitythat would make anyone comfortable going knife believe that's special skill right definitely ideal stafffelt like already knew everyone walked missing cup coffee ,positive
142,pleased quality service staff va facility parking excellent valet services offered absolutely beautiful building lots room expansion scenic location ,positive
143,er crew west crew wow service awesome great people jobs care enjoying complaints best admission ever staff attentive sweet courteous amazing feeling ,positive
144,found ill town kind compassionate people work beautiful facility clean ,positive
145,profoundly disabled receive healthcare eight different clinics va incredible treatment support care receive honestly would shiny side mud today providers supporting staff sincerely give hoot professional knowledgeable dedicated continued service veterans truly appreciative ,positive
146,best va ever visited healthcare private public perfect try hard va really care patients beautiful facility doctors caring really good would highly suggest va ,positive
147,super fast extremely good customer service able get hubby's file moved cali less hour nice vocrehab location medical app ,positive
148,va done taking care vets still way go improvements positive noticeable ignored va years times tried get help either ignored services extremely difficult navigate obtain va southern nevada healthcare system really trying change attitude facilities keep moving forward thank ,positive
149,professional attentive wait time appointment checking self service kiosk helpful beautiful clean hospital ,positive
150,surgery meniscusacl performed drlactose he's looker that's neither went repair acl noted partially torn acl previous injury long story short needed scope remove scar tissue bad knee good knee efficient scheduling preop appointments well scheduling surgery civilians treat well see review procare medical ended going i'm grateful big people vs little people terms patient care sincerely believe taken time select work facility way take care vets ,positive
151,husband year veterans moved las vegas back used va medical facilities almost exclusively care excellent naturally incidents along way annoying that's expected beautiful new hospital staff cares people knowledgeable doctors nurses ,positive
152,went pick friend retired captain army reading everything press last two years veteran hospitals candidly know expect moment pulled minute left experienced nothing efficient friendly knowledgeable staff volunteers terms equipment noticed think anywhere date also want note clean everything compared experiences i've regular hospitals blew away ,positive
153,always treat great go super friendly professional honored get go ,positive
154,best va hospital found us facility beautiful importantly service received first rate professional full care patients christina camposlcsw tcm case manager fantastic every level ,positive
155,vamc las vegas nevada really good place take care health needs veterans southern nevada staff dealt professional courteous veterans va hospital las vegas nevada ,positive
156,va north las vegas friendliest group people greeters security way physician seeming process quick efficient night day compare hospital las vegas simply awesome good job guys ,positive
157,take good friend long flight china broken leg compassionate people every way security way doctors excellent could say thank work ,positive
158,never less amazed completely appreciative services receive every time come va hospital yesterday cardio rehab appointment enhance recovery care following heart surgery pleasure meeting melissa hosford kinesiotherapist wonderful young lady melissa kind caring professional max especially attracted sense humor laughed jokes also met denny melissa coworker great service made available us veterans facility magnificent i've total right hip replacement done i've procedures completed well must sayi've zero bad even uncomfortable experiences hospital every employee doctors nurses etc professional courteous commend service melissa hosford certainly exception definitely one nicest young women ever met years life truly believe world much better place people like ,positive
159,first used va southern nevada healthcare yrs far superior va used states primarily used women's clinic excellent service referred dr gupta director concerning female problem required surgery nervous gupta put ease day surgery females surgery everything went promised months later i'm feeling wonderful also excellent care hearing aides wear found doctors staff caring patient knowledgeable father came care help hospice finished appointment primary care clinic dr lee delighted excellent care received dr lee staff amazed contacted hrs prior appointment dr lee's assistant wanted background information prior appointmentwho days understand dr lee new va requests usual requests dad civilian hospicebut promised get back fatheryou know totally believe empty promise ,positive
160,dad went tues emergency live took us right paperwork already system home state everyone nice helpful beyond doctor great attentive thorough place awesome clean hate hospitals one great even dad said could receiving better care regards issues would release certain well thanks va that's treat veteranskeep good work ,positive
161,husband va health system years always received great care doctor dr gaceta nwclinic years husband recently flu got amazing care emergency staff er great can't thank enough great care provided husband ,positive
162,apparently left review wrong yelp page love san diego va health care system i've part puget sound briefly contemplated loma linda moved twentynine palms glad va amazing except community carechoice situation sucks hard particular va hospital there's entire lot dvdp parking inside rated visit service connected disability head past lobby turn right wall travel reimbursement forms live think mi one way va get reimbursed mi course must meet copay month first still fill paperwork regardless helps accounting imo go o'side clinic routine care specialty care la jolla parking always easy access easy everyone helpful negative people tend disenfranchised veterans good reason usually really complaints saidyou must advocate learned military anything new ,positive
163,honestly one likes going hospital bringing loved one va med center la jolla makes best staff insanely nice helpful courteous empathetic every interaction i've dad pleasure we've hit almost every single dept location er specialty clinics mri blood work name every single part amazing staff interact kind maze greeters main lobby super helpful ask directions etc can't say enough good things location honestly va med centers sd ,positive
164,husband vietnam vet started va family insurance workplace changed care loma linda va moved closer san diego go va la jolla care facilities thorough staff kind knowledgeable facilities clean i've nurse years saying i'm picky understatement va great organization men women deserve best ,positive
165,appointment va medical center knee posting everyone associated va hospital patients know experience best ever front entrance new parking structure finally i'm circle around minutes looking parking spot easy greeted front entrance doors staff giving mask asking covid questions greeted genuine heartfelt smile pleasant hello made feel good facility spotless clean grounds every part building include restrooms sparkled could tell veteran cleaning staff took pride quality work shows appointment seen promptly doctor resident dr training ask right questions took time diagnose gave several courses action take explained course action pros cons allowed choose overall experience better could ever hope veteran appreciative staff treat served i've heard complaints vets locations complaints isolated handled promptly facility top notch professional staff trained understand true meaning customer service thank va administration efforts making one best va medical center nation thank keep good work ,positive
166,impressed staff way covid vaccine administration process set ,positive
167,first appointment good experience health care workers checkin attendant customer service person encountered professional helpful knowledgeable also noticed cleanliness building especially restrooms felt good care visit ,positive
168,going san diego va since two surgeries emergency appendix surgery breast cancer surgery also received chemotherapy cancer related treatments doctors truly best awesome experiences excellent ,positive
169,wanted jump say thank va hospital er staff men women heroes extremely thorough discharging went home feeling much better still pain lengths guys go ensure nothing seriously wrong impressive shot doc dr andrea professional thorough ,positive
170,fast courteous modernization la jolla facility long arduous project well worth wait urge veterans registered va another appointment fast courteous great service mission valley facility ,positive
171,totally would rather come va hospital remodeling made beautiful peaceful place considered change pcp hospital feels lot cleaner able everything needed one place clinics professional enough people came across super rude chula vista clinic exact downside travel mins away appointment ,positive
172,hospital times family always provide us best care special shout home oxygen clinic respiratory department always go way make sure everything need comfortable every step way thank ,positive
173,took friend impressed staff service received seem organized knew every office located ,positive
174,i've visiting hospital lot recently due father's medical condition staff volunteers exceptional eager assist help others i've witnessed amazing veterans deserve best healthcare i'm seeing displayed father's health team staff keep great work thank patriots defending freedom ,positive
175,hey vamc provide free medical treatment peacetime orand combat veterans like come either got injured active duty training commands came recently ongoing medical issues since injury occurs active duty got seem fairly quickly assessed doctors emergency room vamc explained procedure let know dangers medication prescribe heavily medicated advisable operate car appreciate doctors nurse practitioners come check lay er beds ensure condition developed worst quality cares thankful ,positive
176,eugene best got help needed comfortable speak voiced concerns handled like pro way handled flawless ,positive
177,believe hospital business matter rate excellence time sets apart others always striving far i'm concerned san diego va medical staff constantly strive give vets excellence service character perfect veteran who's receiving care i'm totally satisfied shortcomings i've experienced years eclipsed great care i've received i'm really grateful ,positive
178,turned spent days part enjoyed squares day lost lbs new aortic valve installed adn feeling better better day thank va san diego rock especially b pod north ,positive
179,shoutout kelly audiology tech helped morning getting hearing aids functioning like new spent lot time giving tips maintenance ordered external microphone definitely rock star imho ,positive
180,seems like folks basing evaluations one situation using va hospital years gotten consider fantastic care many doctors residents local medical schools top latest technology medical protocols great civilian insurance could go anywhere care actually prefer la jolla va insurance pays va serviceconnected issues happy get money always get treatment need although parking sucks er waits affected triage prescriptions magically show mail schedule use healthyevet web site order refills communicate via email provider keep mind people would gripe hung silk rope sometimesyou might problem attitude goes long way ,positive
181,shout va hospital la jolla taking good care good friend today everyone dr ram nurse kerri super duper kind nice compassion caring professional facility clean staff cheerful helpful that's exactly way envision veterans treated thank thank thank ,positive
182,husband vietnam vet process surgery va hospital amazing rate quality care professional caring every turn god bless staff doctors volunteers jobs well done thank ,positive
183,thanks rn's er friendly helpfully overall awesome bestfriend kidney stones taken er every staff member went beyond thanks guys clean professional kids ,positive
184,people working hard nonstop taking care others endlessly times taking care family they're i'm going selfish i'm behind desks walls long awesome job y'all va complaining go another hospital feel attended apply job help take care others fell like one's forcing go one free services ,positive
185,simple thorough pre op husband involved came waited ,positive
186,great care service every time come best va san diego ca better la jolla va sure maybe smaller less people go sure def love coming offices ,positive
187,place go medical facility within va staff courteous polite respectful individuals parking easy find thanks parking garage crossing street cinsh polite cross guards although undergoing construction place still well kept ever get lost always friendly smile point back track came two times treatment past would recommend anyone facing difficulty mission valley clinic come least lousy metal detectors ,positive
188,never disappointed care va medical facilities includes open heart surgery ongoing treatment copd bp diabetes usual aches pains dr barry pulmonary outstanding cardiac department afib top notch nurse stephanie crew great problem va first look mirror think might find problem looking back ,positive
189,took nearly years see doctor va system wish would done years ago expected confusion doctors specialists service excellent treated person number automatically extend services may apply without specifically request initial inprocessing receiving services well within week live reasonable driving distance find 'out provider' close home reduce stress driving well provides shuttle service limited transportation ,positive
190,people complain complain i've waited hours times urgent career always get seen taken care i've also surgeries people nice like hearing stories veterans waiting ,positive
191,dad vet coming va hospital get treatment medical condition doctors nurses staff worked family wonderful happy service family receiving thank much ,positive
192,san diego facility best ups downs past years i'm always treated respect thank va ,positive
193,laid hospital times took great care best hospital san diego veterans ,positive
194,varicose vein left leg stripped back lucky enough stay friend's house lived near hospital first time ever spent even one night hospital entire staff la jolla va hospital treated nice much fancier hospitals none come close kindness efficiency va hospital staff ,positive
195,dr b er great staff awesome well questions always answered professional feel though wait worth ,positive
196,fantastic service always place top service never issues even last minute appointments alway love bitch complain lot reason put stars patient planned smooth experience good job guys girls ,positive
197,star review dr botte orthopedics mike mark cast room rest vets people vets bad experiences wish leadership facility would sit us ask us really goes place higher ups around always tell patient advocate patient advocate patient advocate really please i'm retired usmc infantry one vets left forgotten va facility many stories say two surgeries possibly need dr botte times dealt mike mark cast room fact waited ten years start needed surgeries could find va orthopedic surgeon felt comfortable despite craziness goes facility individuals really gone way help reassure every visit people waste air fill voids people really believe individuals really want help us thank mark mike always letting vent express concerns patient pain real professionals always tell want hear always supposed agree way dr's please spend time mike mark discussing patents needs seen recast patients cast high enough low enough certain perfect imperfect angle due mike marks incorrect casting dr botte really takes time despite facility demands watch dr's move quickly cast room fast food patients medical care means care thank dr botte mike mark cast room part individuals would gladly stand watch good luck semper fi ,positive
198,great service much better experience another california location years back ,positive
199,family best experience obtaining care dad everyone janitorial staff valet pharmacy primary care rn's doctors diabetes educators mri surgical staff etc kind helpful appreciate thoroughness followthru great job keep good work ,positive
